{"cameraMode":{"drawMode":0,"name":"Shaded","section":"Shading Mode"},"sceneLighting":true,"audioPlay":false,"sceneViewState":{"showFog":true,"showMaterialUpdate":false,"showSkybox":true,"showFlares":true,"showImageEffects":true,"showParticleSystems":true},"in2DMode":false,"pivot":{"x":233.84317016601563,"y":-76.4192123413086,"z":17.660518646240236},"rotation":{"x":0.13155360519886018,"y":0.6556774973869324,"z":-0.11749201267957688,"w":0.734151303768158},"size":331.1326599121094,"orthographic":false}