{"cameraMode":{"drawMode":0,"name":"Shaded","section":"Shading Mode"},"sceneLighting":true,"audioPlay":false,"sceneViewState":{"showFog":true,"showMaterialUpdate":false,"showSkybox":true,"showFlares":true,"showImageEffects":true,"showParticleSystems":true},"in2DMode":false,"pivot":{"x":-22.378734588623048,"y":-1.8004283905029297,"z":-30.319080352783204},"rotation":{"x":-0.039157211780548099,"y":0.9607232213020325,"z":-0.20206932723522187,"w":-0.18614453077316285},"size":113.06341552734375,"orthographic":false}